Zip,SVI,State
78669,0.244444444,Texas
78742,0.844444444,Texas
78751,0.355555556,Texas
78752,0.755555556,Texas
78617,0.933333333,Texas
78653,0.688888889,Texas
78701,0.266666667,Texas
78748,0.488888889,Texas
78728,0.711111111,Texas
78645,0.4,Texas
78723,0.777777778,Texas
78730,0.066666667,Texas
78744,0.955555556,Texas
78759,0.288888889,Texas
78736,0.311111111,Texas
78754,0.733333333,Texas
78734,0.377777778,Texas
78731,0.244444444,Texas
78753,0.977777778,Texas
78741,0.866666667,Texas
78724,1,Texas
78750,0.444444444,Texas
78738,0.088888889,Texas
78733,0.044444444,Texas
78702,0.911111111,Texas
78703,0.022222222,Texas
78660,0.577777778,Texas
78652,0.533333333,Texas
78725,0.644444444,Texas
78735,0.466666667,Texas
78749,0.2,Texas
78756,0.177777778,Texas
78757,0.511111111,Texas
78758,0.822222222,Texas
78705,0.622222222,Texas
78721,0.888888889,Texas
78722,0.422222222,Texas
78726,0.155555556,Texas
78727,0.333333333,Texas
78732,0.111111111,Texas
78739,0,Texas
78745,0.6,Texas
78746,0.133333333,Texas
78747,0.666666667,Texas
78704,0.555555556,Texas