Zip,SVI,Area_of_Austin,Hospital
78617,0.933333333,East,0
78645,0.4,North,0
78652,0.533333333,South,0
78653,0.688888889,East,0
78660,0.577777778,North,0
78669,0.244444444,West,0
78701,0.266666667,Central,1
78702,0.911111111,East,0
78703,0.022222222,West,0
78704,0.555555556,Central,2
78705,0.622222222,Central,2
78721,0.888888889,East,0
78722,0.422222222,East,0
78723,0.777777778,East,1
78724,1,East,0
78725,0.644444444,East,0
78726,0.155555556,West,0
78727,0.333333333,North,0
78728,0.711111111,North,1
78730,0.066666667,West,0
78731,0.244444444,West,1
78732,0.111111111,West,0
78733,0.044444444,West,0
78734,0.377777778,West,0
78735,0.466666667,West,1
78736,0.311111111,South,0
78738,0.088888889,West,0
78739,0,South,0
78741,0.866666667,East,0
78742,0.844444444,East,0
78744,0.955555556,South,0
78745,0.6,South,0
78746,0.133333333,West,3
78747,0.666666667,South,0
78748,0.488888889,South,0
78749,0.2,West,0
78750,0.444444444,North,0
78751,0.355555556,Central,0
78752,0.755555556,East ,0
78753,0.977777778,North,0
78754,0.733333333,North,0
78756,0.177777778,Central,1
78757,0.511111111,Central,0
78758,0.822222222,North,1
78759,0.288888889,North,1
