Zip,SVI
78669,0.24444444444444446
78742,0.8444444444444444
78751,0.3555555555555555
78752,0.7555555555555555
78617,0.9333333333333333
78653,0.6888888888888889
78701,0.2666666666666667
78748,0.48888888888888893
78728,0.7111111111111111
78645,0.4
78723,0.7777777777777778
78730,0.06666666666666665
78744,0.9555555555555556
78759,0.28888888888888886
78736,0.3111111111111111
78754,0.7333333333333334
78734,0.37777777777777777
78731,0.24444444444444446
78753,0.9777777777777777
78741,0.8666666666666667
78724,1
78750,0.4444444444444444
78738,0.0888888888888889
78733,0.0444444444444444
78702,0.9111111111111111
78703,0.022222222222222254
78660,0.5777777777777777
78652,0.5333333333333333
78725,0.6444444444444444
78735,0.4666666666666667
78749,0.19999999999999996
78756,0.1777777777777778
78757,0.5111111111111111
78758,0.8222222222222222
78705,0.6222222222222222
78721,0.8888888888888888
78722,0.4222222222222223
78726,0.15555555555555556
78727,0.33333333333333337
78732,0.11111111111111116
78739,0
78745,0.6
78746,0.1333333333333333
78747,0.6666666666666667
78704,0.5555555555555556
